{
	"data_source": "COM_HIKASHOP_TITLE",
	"source": "com_hikashop",
	"tab": "HikaShop_Additional_Settings",
	"tabj3" : "NSP_DATA_SOURCE_COM_HIKASHOP",
	"sources": [
		{
			"name": "COM_HIKASHOP_PRODUCTS",
			"value": "com_hikashop_products"
		},
		{
			"name": "COM_HIKASHOP_CATEGORIES",
			"value": "com_hikashop_categories"
		}
	],
	"supported_options": {
		"sort_values": {
			"MOD_NEWS_PRO_GK5_DATE": "created",
			"MOD_NEWS_PRO_GK5_TITLE": "title",
			"MOD_NEWS_PRO_GK5_ORDER": "ordering",
			"MOD_NEWS_PRO_GK5_RANDOM": "random",
			"MOD_NEWS_PRO_GK5_HITS": "hits",
			"MOD_NEWS_PRO_GK5_USER_INPUT": "user"	
		},
		"offset": true,
		"news_since": true,
		"news_in": true,
		"news_featured": false,
		"only_featured": false,
		"one_article_per_category": false,
		"news_unauthorized": false,
		"time_offset": true 
	},
	"supported_elements": {
		"header": true,
		"image": true,
		"text": true,
		"readmore": true,
		"info": true,
		"info2": true
	}
}